<?xml version="1.0" encoding="UTF-8" standalone="yes"?>
<lab name="AJSPR-19a-POD4" id="8d544251-e15a-47d3-8ca7-763162e27583" version="1" scripttimeout="300" lock="0">
  <topology>
    <nodes>
      <node id="1" name="vMXA-VCP" type="qemu" template="vmxvcp" image="vmxvcp-19.3R1.8-domestic-VCP" console="telnet" cpu="1" cpulimit="1" ram="2048" ethernet="2" uuid="ef54b5a9-c70e-42ae-9dd9-bf27c46ac00a" qemu_options="-machine type=pc,accel=kvm -serial mon:stdio -nographic -cpu host" qemu_version="4.1.0" qemu_arch="x86_64" qemu_nic="virtio-net-pci" delay="0" icon="JunipervQFXre.png" config="0" left="156" top="357">
        <interface id="1" name="em1 / int" type="ethernet" network_id="1"/>
      </node>
      <node id="2" name="vMXB-VCP" type="qemu" template="vmxvcp" image="vmxvcp-19.3R1.8-domestic-VCP" console="telnet" cpu="1" cpulimit="1" ram="2048" ethernet="2" uuid="bbff2a08-1b75-416a-9fff-300a03460979" qemu_options="-machine type=pc,accel=kvm -serial mon:stdio -nographic -cpu host" qemu_version="4.1.0" qemu_arch="x86_64" qemu_nic="virtio-net-pci" delay="0" icon="JunipervQFXre.png" config="0" left="669" top="36">
        <interface id="1" name="em1 / int" type="ethernet" network_id="2"/>
      </node>
      <node id="3" name="vMXC-VCP" type="qemu" template="vmxvcp" image="vmxvcp-19.3R1.8-domestic-VCP" console="telnet" cpu="1" cpulimit="1" ram="2048" ethernet="2" uuid="780f279b-0a11-415e-af89-65d9a204f7c0" qemu_options="-machine type=pc,accel=kvm -serial mon:stdio -nographic -cpu host" qemu_version="4.1.0" qemu_arch="x86_64" qemu_nic="virtio-net-pci" delay="0" icon="JunipervQFXre.png" config="0" left="1149" top="360">
        <interface id="1" name="em1 / int" type="ethernet" network_id="3"/>
      </node>
      <node id="4" name="vMXD-VCP" type="qemu" template="vmxvcp" image="vmxvcp-19.3R1.8-domestic-VCP" console="telnet" cpu="1" cpulimit="1" ram="2048" ethernet="2" uuid="4267788b-84a7-4375-a9a9-350b188a219a" qemu_options="-machine type=pc,accel=kvm -serial mon:stdio -nographic -cpu host" qemu_version="4.1.0" qemu_arch="x86_64" qemu_nic="virtio-net-pci" delay="0" icon="JunipervQFXre.png" config="0" left="675" top="672">
        <interface id="1" name="em1 / int" type="ethernet" network_id="4"/>
      </node>
      <node id="5" name="vMXE-VCP" type="qemu" template="vmxvcp" image="vmxvcp-19.3R1.8-domestic-VCP" console="telnet" cpu="1" cpulimit="1" ram="2048" ethernet="2" uuid="5ddaf4f0-9ff9-48d5-8616-f3722bf1070d" qemu_options="-machine type=pc,accel=kvm -serial mon:stdio -nographic -cpu host" qemu_version="4.1.0" qemu_arch="x86_64" qemu_nic="virtio-net-pci" delay="0" icon="JunipervQFXre.png" config="0" left="756" top="432">
        <interface id="1" name="em1 / int" type="ethernet" network_id="5"/>
      </node>
      <node id="6" name="vMXA-VFP" type="qemu" template="vmxvfp" image="vmxvfp-19.3R1.8-domestic-VFP" console="telnet" cpu="3" cpulimit="1" ram="4096" ethernet="12" uuid="3236a661-22cd-4d7b-8564-21b828fc5ab2" qemu_options="-machine type=pc,accel=kvm -serial mon:stdio -nographic -cpu host" qemu_version="4.1.0" qemu_arch="x86_64" qemu_nic="virtio-net-pci" delay="0" icon="JunipervQFXpfe.png" config="0" left="306" top="360">
        <interface id="1" name="em1 / int" type="ethernet" network_id="1"/>
        <interface id="2" name="em2 / ge-0/0/0" type="ethernet" network_id="6"/>
        <interface id="3" name="em3 / ge-0/0/1" type="ethernet" network_id="10"/>
        <interface id="4" name="em4 / ge-0/0/2" type="ethernet" network_id="14"/>
        <interface id="5" name="em5 / ge-0/0/3" type="ethernet" network_id="7"/>
        <interface id="6" name="em6 / ge-0/0/4" type="ethernet" network_id="17"/>
      </node>
      <node id="7" name="vMXB-VFP" type="qemu" template="vmxvfp" image="vmxvfp-19.3R1.8-domestic-VFP" console="telnet" cpu="3" cpulimit="1" ram="4096" ethernet="12" uuid="6f9feca4-bd02-4688-8e85-59a4acfab1d0" qemu_options="-machine type=pc,accel=kvm -serial mon:stdio -nographic -cpu host" qemu_version="4.1.0" qemu_arch="x86_64" qemu_nic="virtio-net-pci" delay="0" icon="JunipervQFXpfe.png" config="0" left="669" top="153">
        <interface id="1" name="em1 / int" type="ethernet" network_id="2"/>
        <interface id="2" name="em2 / ge-0/0/0" type="ethernet" network_id="6"/>
        <interface id="3" name="em3 / ge-0/0/1" type="ethernet" network_id="8"/>
        <interface id="4" name="em4 / ge-0/0/2" type="ethernet" network_id="20"/>
        <interface id="5" name="em5 / ge-0/0/3" type="ethernet" network_id="21"/>
        <interface id="7" name="em7 / ge-0/0/5" type="ethernet" network_id="23"/>
        <interface id="8" name="em8 / ge-0/0/6" type="ethernet" network_id="16"/>
        <interface id="9" name="em9 / ge-0/0/7" type="ethernet" network_id="19"/>
      </node>
      <node id="8" name="vMXC-VFP" type="qemu" template="vmxvfp" image="vmxvfp-19.3R1.8-domestic-VFP" console="telnet" cpu="3" cpulimit="1" ram="4096" ethernet="12" uuid="fc009717-acb4-44eb-a85f-70e204cc761f" qemu_options="-machine type=pc,accel=kvm -serial mon:stdio -nographic -cpu host" qemu_version="4.1.0" qemu_arch="x86_64" qemu_nic="virtio-net-pci" delay="0" icon="JunipervQFXpfe.png" config="0" left="1020" top="363">
        <interface id="1" name="em1 / int" type="ethernet" network_id="3"/>
        <interface id="2" name="em2 / ge-0/0/0" type="ethernet" network_id="8"/>
        <interface id="3" name="em3 / ge-0/0/1" type="ethernet" network_id="11"/>
        <interface id="4" name="em4 / ge-0/0/2" type="ethernet" network_id="15"/>
        <interface id="5" name="em5 / ge-0/0/3" type="ethernet" network_id="9"/>
        <interface id="6" name="em6 / ge-0/0/4" type="ethernet" network_id="18"/>
      </node>
      <node id="9" name="vMXD-VFP" type="qemu" template="vmxvfp" image="vmxvfp-19.3R1.8-domestic-VFP" console="telnet" cpu="3" cpulimit="1" ram="4096" ethernet="12" uuid="53207edc-092e-4a85-8c62-9fbd12fe90a6" qemu_options="-machine type=pc,accel=kvm -serial mon:stdio -nographic -cpu host" qemu_version="4.1.0" qemu_arch="x86_64" qemu_nic="virtio-net-pci" delay="0" icon="JunipervQFXpfe.png" config="0" left="672" top="573">
        <interface id="1" name="em1 / int" type="ethernet" network_id="4"/>
        <interface id="2" name="em2 / ge-0/0/0" type="ethernet" network_id="12"/>
        <interface id="3" name="em3 / ge-0/0/1" type="ethernet" network_id="7"/>
        <interface id="4" name="em4 / ge-0/0/2" type="ethernet" network_id="17"/>
        <interface id="5" name="em5 / ge-0/0/3" type="ethernet" network_id="13"/>
        <interface id="6" name="em6 / ge-0/0/4" type="ethernet" network_id="9"/>
        <interface id="7" name="em7 / ge-0/0/5" type="ethernet" network_id="18"/>
      </node>
      <node id="10" name="vMXE-VFP" type="qemu" template="vmxvfp" image="vmxvfp-19.3R1.8-domestic-VFP" console="telnet" cpu="3" cpulimit="1" ram="4096" ethernet="12" uuid="39ecdb02-7694-4d0e-a899-cb36e768fdc6" qemu_options="-machine type=pc,accel=kvm -serial mon:stdio -nographic -cpu host" qemu_version="4.1.0" qemu_arch="x86_64" qemu_nic="virtio-net-pci" delay="0" icon="JunipervQFXpfe.png" config="0" left="669" top="360">
        <interface id="1" name="em1 / int" type="ethernet" network_id="5"/>
        <interface id="2" name="em2 / ge-0/0/0" type="ethernet" network_id="16"/>
        <interface id="3" name="em3 / ge-0/0/1" type="ethernet" network_id="19"/>
        <interface id="4" name="em4 / ge-0/0/2" type="ethernet" network_id="11"/>
        <interface id="5" name="em5 / ge-0/0/3" type="ethernet" network_id="15"/>
        <interface id="6" name="em6 / ge-0/0/4" type="ethernet" network_id="13"/>
        <interface id="7" name="em7 / ge-0/0/5" type="ethernet" network_id="12"/>
        <interface id="8" name="em8 / ge-0/0/6" type="ethernet" network_id="14"/>
        <interface id="9" name="em9 / ge-0/0/7" type="ethernet" network_id="10"/>
      </node>
    </nodes>
    <networks>
      <network id="1" type="bridge" name="Net-vMXA-VFPiface_1" left="463" top="358" visibility="0"/>
      <network id="2" type="bridge" name="Net-vMXB-VCPiface_1" left="241" top="85" visibility="0"/>
      <network id="3" type="bridge" name="Net-vMXC-VCPiface_1" left="485" top="274" visibility="0"/>
      <network id="4" type="bridge" name="Net-vMXD-VCPiface_1" left="463" top="224" visibility="0"/>
      <network id="5" type="bridge" name="Net-vMXE-VCPiface_1" left="419" top="370" visibility="0"/>
      <network id="6" type="bridge" name="Net-vMXA-VFPiface_2" left="329" top="415" visibility="0"/>
      <network id="7" type="bridge" name="Net-vMXA-VFPiface_5" left="331" top="231" visibility="0"/>
      <network id="8" type="bridge" name="Net-vMXB-VFPiface_3" left="388" top="319" visibility="0"/>
      <network id="9" type="bridge" name="Net-vMXC-VFPiface_5" left="278" top="400" visibility="0"/>
      <network id="10" type="bridge" name="Net-vMXA-VFPiface_3" left="309" top="202" visibility="0"/>
      <network id="11" type="bridge" name="Net-vMXE-VFPiface_4" left="406" top="402" visibility="0"/>
      <network id="12" type="bridge" name="Net-vMXD-VFPiface_2" left="415" top="313" visibility="0"/>
      <network id="13" type="bridge" name="Net-vMXD-VFPiface_5" left="467" top="271" visibility="0"/>
      <network id="14" type="bridge" name="Net-vMXA-VFPiface_4" left="254" top="238" visibility="0"/>
      <network id="15" type="bridge" name="Net-vMXC-VFPiface_4" left="401" top="400" visibility="0"/>
      <network id="16" type="bridge" name="Net-vMXE-VFPiface_2" left="400" top="326" visibility="0"/>
      <network id="17" type="bridge" name="Net-vMXA-VFPiface_6" left="331" top="352" visibility="0"/>
      <network id="18" type="bridge" name="Net-vMXD-VFPiface_7" left="470" top="224" visibility="0"/>
      <network id="19" type="bridge" name="Net-vMXE-VFPiface_3" left="515" top="319" visibility="0"/>
      <network id="20" type="bridge" name="Net-cumulusiface_1" left="531" top="187" visibility="0"/>
      <network id="21" type="bridge" name="Net-cumulusiface_2" left="531" top="187" visibility="0"/>
      <network id="23" type="bridge" name="Net-cumulusiface_5" left="531" top="187" visibility="0"/>
    </networks>
  </topology>
</lab>
